Group 1,Group2, Group3, Group4,Group5,
TGTCTGCCCTCATTTGATCTAAAACATGAATTTGTTTGCTTGGCTAAAGGCCGGGGGGGGGCGTGGGTCCGGGGCGCAGAGAACACGCGCGCGCGCGCGCGCGCCAGCAGCAGC*AG*CAGCAGCAGCTGCTGCGGCGAAGTCTTTGTCCCCGCGGCGCAGCCTTTGTCCCCGCGGCGTAGCTTTTGTTTGCGCAGCCCCGCCCTGCGGAGGGCGATCGTCCCCACGT,CACCGCGCCGCCCCAGAACACGCTCCGCGTCACCGCCCCGCCCCAGAACCCGCCCCACGTCACCGCCCCGCTCCAGAATCCACCACTGCGTCCCCGCCCCAGAACCCGCCCCGT*AT*CCCCGCACTGACCTCACGTCACCGCCCCGCCCCCGCGTTACCGTCCCGCCCGCAGGACGCATCTCCAACGCCTCGCCCCGCCCCAAGGATTCGCTCTTGCGTCACCGCCT,GTAGAAACACACTTTCAAGCCTTTATAAGGTGTCTACTTTAGAAATAATTTTGTTTAGAACAGTTTACATTTTGATCTAATTAATCTTTTCTTCTTCCTTCCTTTAGATTGTCA*CT*ATATATATACGTATATGTATATATATACGTATATGTATATATATGTATATGTATATATATGTATGTGTATATATGTATATATATGTATATGTATATATGTATATGTGTAT,GGGGCGGCTGGCCGGGCGGAGGGCTGACCCCCCCACCTCCCTCCCGGACGGGGCGGCTGGCCAGGCGGGGGGCTGACCCCCCACCTCCCTCCCGGACGGGGCGGCTGGCCGGG*TG*GGGGGGCTGACCCCCCCATCTCCCTCCCGGACGGGGTGGCTGGCCGGGCTGAGGGGCTCCTCACTTCCCAGTAGGGGCAGCCGGGCAGAGGCGCCCCTCACCTCCCGGAC,AACATATTTGTTATTTAAATAACATATTTATTATGTTATTTAAATAACATATTATGTGTTATTTAAATAACATATTGTGTTATTTAAATAACATATTGTGTTATTTAAAAAC*AT*ATTATGTTATTTAAATAACATATTATGTTATTTAAATAACATATTATGTGTTATTTAAATAACATGTGTTAAATAACATATTTATTATGTGTTATTTAAATATGTT, 
AAGAAAGAGAGAGAGAGACAGAGAGAAAGGAAAGAAAGGAAGGAAGGAAGGAAGGAAGGAAGGAAGGAAGGAAGGAAGGAGAAAGAAGAAAGAAGAAAGAAAGAAAGAAAGAAA*GA*AGAAAGAAAGAAAAGAAAGAAAGAAAGAAAGAAAGAAAGGAAGGAAGAAAGAAAGGAAAGAAAGAAAGAAGAAAGAAAGAAGAAAGAGAGGGAGGAAGGGAGGGAGGGAG,ACCAGCAGAGACTCACCAGCAGAGCCTCACCAACAGAGACTCACCAGCAGAGACTCACCAGCAGAGCCTCACCAGCACAGCCTCACCAGCAGAGGCTCACCAGCAGAGGCT*CA*CCAGCAGAGGCTGACCAGCAGAGGCTGGCCTACCTGCTTTCCCTGCTCACTTTCCTGTAATTTGCCAACTGCACCCAGAAGCTCAAAACTCCTTTCCTTTGTTTGGG,TCTTCAAAAAAAAACTCCAAGGGGCAAATGGAGGAAAGAGAAAAATTACAAAGTTAGAAGACAGTGTATGAGAACAAGGGACTAGATTCATGAAGCTTTGGTGTATGTTAGCAG*AG*TGTGTGTGTGTGTGTGTGTGTGTGTGTGTGTGTGTAGTGGGGTGGGGGTATTTTTATTAAAAGAAATAGCAGATTCTGGCAAACATACTGACCAAGAGTTAAAGAACTTC,AAAAGGATACTTCTATATACCTCCTCTTGCCACCCATACTATTTGTGATCGGAATCATACATGGCTACCTGTCTCAGATGACGCCTGTTATAGTAAGTAAACAAACCTCTTTTT*TT*TTTCTGCTTGCTCTAGAGATTTGCATACATTTTGGGGTACATATTCCACTACGGTGATGATGATTTTCTTCTTGTAAAATGAGGTTCAAGATAACAATGCATTTTTGCAA,ACCTGGGAGGCAGAGATTGCAGTGAGCCGAGATTGTGCCACTGCACTCCAGCCTGGGCGACAGAGCGAGACTCCGTCTCAAAAAAAAAAAAAAAAAAAAAAAAAAAAGTTGC*CT*ACATTATGTTATTCAATTCCTCCTGGTCTGTAAATTCCTAGAGACATATATTCAAATCTGGTACACCTGCCTTTTTTTTTTTTTTTTTGTAGTTTTATCAATTTGG, 
AGGAGCTTGCTTTCTTCCTTTCTTTCTTTCTTTCTTTCTTGCTTGCTTGCTTTCCTTCCTGCCTTCCTGCTTTCCTTCTTTCTTTCCTTCTTCCTTCTTTCTTTCTTTCTTTCT*TT*TTCTTTCTTTCTTTCTTTCATTCATTCTTTCTTTCTTCTTTCTTTCTTCTTTCTTTTCTTTCTTTCTTTCTTTTTCTTTTTCTTTCTCTCTTTTTTTGATGGAGTTTTGC,TGACTCCATTCGATTCCATTTGATGATGATTGCATTCCATTCCATTCGATGATTCTTTTTGATTTCATTCAATGGTGATTCCATTCCATGATTCCATTTGATTCCATTCGAT*GA*TGATTCCATTCGATTCCATGTGATGATGATTCCATTCGATTCCTTTCCATGATTCCTTTCGATTCCATTCTAGGATTTCATTCGATTCCATTTGATGATTATTCCA,AAGAAGCTCCTAGAACCAATAAATGAATTCAGCAAAGTTTCTGGATACAAAGTTTCCTGGCTATTTGACCTTTTTCCAGTTACTTAACCTAAGTTTTAGGTTTTTTACTTAAGA*AA*TATATATATATACACACATACATAATACACACATCCATATATAGACACATAGAAATGCAAAGTAAATAAGATTCTTTCTAGAATCAGATAAGAATATTTGTACAAAACAT,GCAACCATCTAATCCATTAAAATTACATTTCTTGAATTGAGTTTACTCATAATTGCCTTCCTTTACCTCTTAGCTCAATGCGATGCTTTAAAGTATTTCTCCCTATTTTTCT*TT*TTCTCTTTCTTTCCTTTTTTTTTTTTTTTTCGCCCAACACTCTCCAGCTGAAAGCTGTGAAGTAATGACTGTTCTGCATTGCTGGGGACCTGCTCTATTTGTTTTC,TCTCATCTCATCTCATCATTTCATCATTTCATCTCATCATTGCATCTCATCATTTCATCTCATTTCATCTCATCATTCATCTCATCATTTCATCTCATCATTTCCATTTCAT*TA*TTTCATCATTTAATTTCATCATCTCATTTAATTTCACCTCATTTCATTATTTCATTTTTTCATTTCATTATGTCATTTCATTTCATCTCATTACATTTCGTCTAAT, 
AAAGAAAGAAAGAAGAAAGAAAGAAAGAAAGAAAGAAAGAAAGAAAGAAAGAAAGAAAGAAAAGAAAGAAAGAAAGAAAGGAAGGAAAAGAAAAGAAAAGAAAAGAAAAGAAAA*GA*AAAGAAAAAAAAAGAAAAAAAAAGAAAACTGAGCCACAGAAGGAAATGGGCTCATGAAGATGAAGGTACCTGGCTGGTGAAGGTAACTGCTTGAAGGTACCTGGCTCAAG,TCGGCTGGCTGCAACCTCTGCCTCCCCAGTTCAAGCGATTCTCCCCACCTCAGCCTCTTGAGTAGCTGGGACTACAGGCACGCACCACCAAGCCCAACTAATTTTTGTATTTTTAGTAGAGACAGGGTTTCACCATATTGGTCAGGATGGTCTCAAACTCCTGACCTCAGGCGATCCACCC*GC*CTCAGCCTCCCAAAGTGCTGGGATTGTATAATAGATGTGAGCCACCCCACCCAGCTGTATTATCTTTTCATTTTGTTTCATTTTATTGTTTTGAGGAGTCTCACTCTGTCGCCTAGGCTGGAATGCAGTGGCGCAATCTCGGCTCACTGCAACCTCTGCCTCTCAGGTTCAAGCGAT,TATAAGACCAGGAGAGGTGGCTGAGTTTTCAATTGCCCGAGTCGCAATTCCCTGCACCCCTGCCAGCCCCCACTCCAAAAAAAGGCACACAAAGAAACAGGGAACATGGTGCAA*TA*CACACACACACACACACACACACACACACACACGAAAATCTCCAGAAACTGAACCTAAAGAAATGGAGATTTACAAGTTACCTGACAAATAATTCAAAATAATCTTTAAG,GAGTACTGATTCCAGATTAAAATACAAACCAGAGCCTCCAACCTTTATCCCCAAAACCAAGAAGGGAACGAGAATGGCAGGCCCCTGGTAGCTTCCACATTTATCCCTCTCCTGCTCCCCTCGGGATTCTCTTCCTTTGTTCTTGCCACCATGGTTGTTACATTCAAGTGTTTTT*TT*TTTGTTTGTTTTTTTGTTTTTTTTTTGAGATGGAGTCTCTCTCTGTCTCCCAGGCTGGAGTGCAGTGGCGCGATCTCAGCTCACTGCAAGCTCCGCCTCCCGGGTTCACGCCATTCTCCTGCCTCAGCCTCCCGAGTAACTGGGACTACAGGCGCCCGCCACCACACCC,CTTTGCCTTGGAGGTACCCTCAGGCCACTTGGAGAAACCTCCTCTGGCCCCTTGACTACTCTGGGGTCCCCTCGACTACTCTGGGGGACCCTCTGAGCTCAGAATTCCCCTA*GA*GGAGTACCCCTCATCCAAACTGGCAGTGGGGCCACCAGACCCCAACTTCCTGGTTCAGGGCTTGCAACATGGTAATGTCAACCAAAATTAAGGCTGCCGAGGCAGA, 
TTTTCTTTCTTTCTTTCCTTTCTTTTTTCTTTTCTTTTCTTTTCTTTTCTTTTCTTTCTTTCTTTCTTTCTTTCTTTCTTTCTTTCTTTCTTTCTTTCTTTCTTTCTTTCTTTC*TT*TTCTTTTCTTTTCTTTTCTTCTTTTCTTTGCCTTTTTGAACAGTCAGGGACCTCCAGTACAATGTTGAATTGAAGTGGTAAGATATATACCTCAGATTTGTCTATTTCTC,TACACAAACACACACCATGCGGAAACACACACACGCAAACACACACCATGGAGAAACACACACACACACAAACACACACACCATGCAGAAACACACACACACCATACAGAAACACACACACAAACATACACCTTGCAGAAACACACACACACACACCATGCAGAAACACACACAT*GC*ACAAACACACATCATACAGAAACACACACACAAACATACACCGTACAGAAACACACACACACAAACACACACCATGCAGAAACACACATGCACATACACACACCATGTAGAAACACACAAACACGCATCATACAGAAACACACATGCACACACACCATACAGAAACACA,GCAAGGGAAACTTGTCCCCTGGCCCAGCCCCTCGCCCTTTCATCTCTCTCTCTCTCTCTCTCTCTCTCTCTCTCTCTCTCTGTCTCTCTCTCTCTCTCTCTCTCTCTCTCTCTC*TC*ACACACACACACACACACACACACAGAGCTGGGACCTCAGATCCTGCCTCCTGCCTGTCTTGGATTGTCCACCTACCTCCCTTAACACCCCTCCCTCCCTCACTCGCTGA,ATTATATATTCATTACTTTCAAACGGGGAGCCCTGGAGTTAGAAAATGTGACTCTTGTGGGGACCTGAGCTATGTTCTAACCACAGTATCCAACAAAATTCGTCTCCAACATCTGCAGTTGATTAAAAAAAAAAAAAAAAAAAAAAAAAAGTTTTTTTTTTTTTGGT*GT*TTTCTTTTTTTTTTTTTTTGCCAAGATTCATTTGAGCTTTTTTAGCACCAGAGGGAAAGAAAAAAAAAAAGAAAGAAAGAAAGCAGTAGAGATACCCCAAATCTGGGATATTCAAAGCAAATATTATCAATTGACCTTCACATTCGATGTTACATTGAGTA,TCAGCTGTTATTCTCATGGGCTTCCCCTTGTGGGTAACCCGACCTTTCTCTCTGGCTGCCCTTAACATTTTTTCCCTCATTTCAACTTTGGTGAATCTGACAGTTATTGGTC*TG*AAATTTTCTTTTTTTGTCGTGTCTCTGCCAGGTTTTGGTATCAGGATGATGCTGGCCTTATAAAATGAGTTAGGGAGGATTCCCTCTTTTTCTATTATTTGGAATA, 
CCCTTCCCTTCCCTTCCCTTCCCTTCCCTTCCCTTCCCTTCCCTTCCTTTCCCTCCCCTCCCCTCCCCTCTCTTCCCTTCTCTTCCCTTCTCCCTCTTGTCTTTTCTTTCTTTC*TC*CTTCCTTCCTTCCTTCCCTCCTTCCTTCCTCCCTCCCTCCATCCTTCATTTCCCTTTCCCTTCCCTTCTCTTCCCTTCTCTGCCTCTCTAGTTGTGTGAAGGCTGACTCT,CCTGGGAGTTGGGAAATAAGAGCAGACGCAATGCCAGTGCTATGGGCAGCCACCGACAGCCCCCCAACACCGACAGTCCCCCCACACCGACAGCCCCCAACACCCAACAGCCTTCCCATACTGACAGCACCCCAACACCGACAGCCCCCCAACACTGACAGCCCCCCAACCAACA*GC*CCCCACACTGACAGCCCCCCCACACCGACAGCCCTCCACACCGACAGCCCCCCCACACCAACAGCCCCCAACACCCGACAGCCCCCAACACCCAACAGCCCCCCCACACCAACAACCCCCCACACCGACAGCCCCCCACACCGACAGCCCCACACACCAACAGCCCCCC,ATGTGTTATTTCTGTTTTCCAGTATTCACTTAATCATCTTTAAGTAGCAAGAACCCAACACCCAAACAGATGACCAGCACACACACACACACACACACACACACACACACACAC*AC*CCCACAGTGGCCATGAAAGACTCTAGATGCAACATGCAGTCAGCCAACATGATCAGCTTCTGTGTCAATTGGGTCATTACTACAAATAGTGCCTGTGCTACTCTGCAGCT,TCTTACTTTGCCCATTATTGTACAGATTTAAACATTAGCTGGTTGCTGAAAGAGGTAAGTAAGCATTATAATACATCTGTTAGCATATACACTTTGAAATTTGGGTTTGCTCTGTATGTCCTACACTTTTAGCACAGCCAAGCAATGTAGCCCCTTGTTCTATTTAT*TT*TTTTCTTTTTCTTTCTTTCTTTTTTTTTTTTTTTTTTTTGGAGAGGGAGTCTCACTCTGTTACCCAGGCTGGAGTGCAGTGGTGCGATCTCGGCTGACCACACCCTCTGCCTCCTGGGTTCAAGTGATTCTCCCACCTGAGCCTCCCAGGTAGCTGGGACT,TTTCATTCCATTCTATTCCATTCCGTTCCATTCCATTCGTGTTGATGCCATTCCAATCCATACCATTCCATTCCATTCCATTCCGTTCCGTTCCATTCCTTTCGTGTTGATTCCATTCCATTCCATTCCACTCCATTCCAATCCATTACATTCCACTCGGGTTGAATCCATTCCT*TT*CCATTCCAATCCATTCCATTCCTTTCCAATCCATTCCATTCCATTCAATTCCACCTGGATTCAATCTATTCTTTCCATTCCATTCCGTTCTGTTCCATTGCAGTCCATTGCATTAGATACCATTCCATTCCACTCGGGATGATTCCTTTCAATTCCATTATATTCTGTT, 
GTATATATATGATATATAGTATATATGATATATATGGTATATATGATATATAGTATATATGATATATATGGTATATATGGTATATATATGATATATGATATATATGATATATAT*GA*TATATGATATATATGATATATATGATATATATGGTATATATGATATATATGGTATATATGGTATATATATGATATATATGATATATATGGTATATATATGATATATATGAT,CATTTTGTTATGGCAGCCCTATCAAACTCATACAATAACTAGTTATATGTGTGTGTGTGTGTGTGTGTGTGTGTGTGTATATATATACACACACATATAGAATGTATAATATATAATGTGTATAATATGTATATATGCATATATGTGTGTATATATGTATATAATGTGTATAATA*TA*ATATGTATTTATATATAATTACATATTTATATATAAATATGTATTTATATATAATTACATATTTATATATAAATATATATTTATATGTAATTTAATATATATACATTTATTTATAAAATCTTAAAATTATAAAAATTATAATTTGTAAATATATATTTATATATAAAC,CGGTTCTTCTATGGAAAACTGAAGACTTTCAGATTCAATGAACAAAACCCATGTTTTGCTAAAATAGAGTGGCATTTTAATTAAAAAAAAAAAAAATATATATATATATATATA*TT*TTTTTTTTTTTTTGAGATGGAGACTCACTCTGTTGCCCAGGCTGGAGTGTGGTGATATGATCTTGGCTCACCACAACCTCCGCTTCCTGGGTTAAAGAGATTCTTCTGCC,GAGGTTACAGAGACAGAACACTTTCCATCTGGCAAAATGTTAAAATTGCTGAAGTTGTGAATGGGCACATGAGGGCTTCTTTTGTTTTTTGTTTGTTTGTTTGTTTTGCTTATTTATTTTTCTTTTTGTATTAGGGCTTCTTTATACTGTTTTTTT*TT*TTTTTTTTTTTTTTGAGATGGAGTCTCACTTTGTCACCCAGGCTGGAGTGCAGTGGCGCGATCTTGGCTCACTACAACCTCAGCCTCTCCGGCTCAAGCAATTCTCCTGCCTCAGCCTCCCAAGTAGCTAGGATTACAGGTGCATGCCACCAC,TGGTTAGTGGTGGCCTCCTCAGTAAAGGCCTCATCAGTGGGGACCTGGTGACCTAATCATTGGAAGCCTGGTCAGTGGGGGGACCTAGTCAGTGGTGGCCTTATTAGTGGGGCCTGATCAGTTGGAACATAAACAATGAAAAACTGGTTGGTGAGGCATATACAGTATACCAGAG*GC*CTGGTCAGTGTGGGGCCTTAGTGGCTTGGAGCCTGGTCAATGAGGGCCTGGTCAGAGGGGGCTCGGTCAGCTAGGGACTCATCCATGGAGAATTGTTCAGTGGGGGGTCGGGTCAGCAGCAACCTGGTAAATTGTGGTCTTGTCAGTGGGAACCCGGTCTTGTCAGTGG, 
CCTTCCCTTCCTTCCTTCCTTCCCTTCTCTCTTTCTGTCCCCTTCCTTCCTTCCTTTTTTCTTCCTTCCTTCCTTTCGTTTTTCTTCCTTTCTTTCTTCCTTCCTTCCTTCCTT*TC*TTTCTTCCTTCCTTTCTTCCTTCCTTCCTTTCTTTCTTCCTTTCTTTCTTTCTTTCTTTCTTTCTTTCTTTCTTTCTTTCTTTCTTTCCTTTCTTTCTTTCTCTTTCTCT,AAACAAAAAATGTATTTCCATTCATGCTTCTCCATTCCTGCCATCAATATTTTTTCAATAAATAATATTTCAGCAATGTTCTTGAATCACTGTGTATTAGTATGTTCTCCCATTGCTATAAAAAACTACCTGAGACTGGGAAATACTCATACATACATGTACATATGTGTGTATA*TA*CATACACATATACATATGTGTGTACACATATACATATGTGTGTATATATATACACACATATACAAATGTGTATACACATATACATGTGTGTATAAACATATACATATGTGTGTATACACATATACATGTGTGTATACACATACACGTATGTGTGTATATATATACACAT,GTTTTAGGACAGGCTGCATTTCTGTGAGTACAAGATGGTCTTTGCAGGTGGCTGGTACATGAATTTTAAGCTTGTTGAGTGCTTTGAGATATGAAGCTAAAAATACATGTGGGA*GG*TGTGTGTATGTGTGTGTGTGTGTGTGTGTGTGTGTTTGAGAGAGAGATTATTCTTTGTACAAAGAAAAAGTGACAAGGGGTTATATGCCGCTGATGTTCCTGCATCATCA,CAGCATGGCACATGTATACATATGTAACTAACCTGCACAATGTGCACATGTACCCTAAAACTTAAAGTATAATAAAAAATAAATAAATAAATAAATAAAAATAAAAAAATAAAAAAATAAAAAATTAAAACCCAGTTCAATTCAAA*AA*AAAAAATAAATAAAATAAAAATTAAAAAAAAAAGTCCCCCCAAAGTCATATAATATTGTTGCCTAGTATTTTAGTATTTTCTAGTATTTTAAACTGATAAATCAGATATTGTTGATTCATATAAAATATGTTTACCCACATA,TCTACAACTATCTGATCTTTGACAAACCTGACAAAAAGAAGCAATGTGGAAAGATTCCCTATTTAATAAATGGTGCTGGGAAAACTGGCTAGCCATATGTAGAAAGCTGAAACTGGATCCCTTCCTTACACCTTATACAAAAATTAATTCAAGATGGATTAAAGACT*TA*CATGTTAGACCTAAAACCATAAAAACCCTAGAAGAAAACCTAGGCAATACCATTCAGAACATAGGCATGGGCAAGGACTTCATGTCTAAAACACCAAAAGCAATGCAACAAAAGCCAAAATTGACAAATGGGATCTCATTAAACTAAAGAGCTTCTGCACA, 
TAATGGCTTCTTGATTTTGTTTATCTTTCCAAAAAACCAAATTATCATTTCATTGATTATATATATATAGTTATATATAGTTATATATAGTTATATATATAGTTATATATATAG*TT*ATATATAGTTATATATAGTTATATATATATAGTTATATATATAGTTATATATATAGTTATATATAGTTATATATATAGTTATATATATAGTTTCAATGTCATTTTTCATT,CTCCAAGAATGCCATATATATATATATATATATATCCATTAGACAATTATAAAAGATGTACATGTAATGGGAATCCTTTAGCCACTTCAAGAATGCTATACCTATATGTGTGTGTGTGTGTATATATATATATATATATATATATATATGTGTGTGTGTGTATTGCATATATACA*CA*TGTGTATTCCGTATATACGCATATGTGTATTCCGTATATACGCATATATGTATATATACACACACATATACGCATATATGTATATATACACACACATATATGCATATATGTATATATACACACACATACACGCTTATATGTATATACACACACACATACACATATATGT,GTAACAAACCTGTGCATTCTGCACATGTATCCCAGAACTTCAAGTAAAAAAAAAAAAATATATATATATATATATATATATATACACACACACATATATATATATATACACACA*CA*TATATATATATGTGCATGTGGTATGGTTATTGTAAACACAAGTTTATTGAAAAAGGCAGCATGGGAGAATAGAAAGATTTTGGGTTTTGAAGCCAGCTAGACTTGCATTT, ,GCCCCAGCTGCTCAGGAGGCTGAGGTGAATCATTTGAGCCTGGTAGGTCAAGGCTACAGTGAGCCATGATGGCACCACTGCACTCCAGCCTGAGCAACAGAGTGAGACCCTGTCTCTCTCTCTCTCTCTCTCTCCCCACATATACA*TA*TACACATACACATACACATACACATACACATACACATACACATACACATACACATGCCTTTAAAAGAAGGCTGAAATATATTTGCCAACAACACAGATGAACTTGGAGGACGCTATGCTAAGTGAAATAAGCCAGACACCAC, 
TTTGGCCTCCTGAGTGGTTGGGACCAGAAGTGTGCACCACCATGCCTGACTAATTTCTTTCTTTCCTTTCCTTCCTTTCCTTCTCTTTCTTTTCTTTCTCTTTCTTTCTTTTCT*TT*CTTTCTTTCTTTCTTTCTTTCTTTCTTTCTTTCTTTCTTTCTTTCTTTCTTTCTTTCTTTTTCTTTCTTTCTTTCTCTCTCTCCCTCTCTCTTTCTTTCTTTCTTTCTTT,GGCGCGGGGCTGCGGGCCGGAATGGAGGAGGCCCAGCGGCGGCGGCGCTTCTCACGTCAGCCCAACCCGCCCGGCCGCGGCCACCGCCTCAGCACCGTTGCCCCCCACAGCTCCGCCGCTGGCCTCAGCGCCGCCGCGACTCCCTTCAGCCCCGCC*AC*TCGCTCGCCTCAGCCCCGCCGCTCGCTCGCCTCAGCCCCGCGGCCGCCTCAGCCCCGCCGCTCGCCTCAGCCCCGCCGCTCGCCTCAGCCCCGCCGCTCCCCTCAGCCCCGCGGCCGCCTCAGCCCCGCCGCCGCCTGGCTCCCCACGGCCCG,TCAGGTTTTGGTAAATATTAATTGTATTTTGATTATATTTACTGAAGATGGATGGACAAGAAGACTTCTGAGCCATGGTCCCAGGGTCATAGGACAAGTGGAGAAAACCTTTTC*AT*ATTTATTTATTTATTTATTTATATTTTTTGGGGGGGGATAAAGGTCTTTATTGAACAACCTTATCTCACTCAGTAACAAAAGAGCAGGAGGCAACAATTCCCCCGGAAGT, ,,
GCAAAAAAAGGGATAAAGACACTCAACACCAGGAACTCACCTCTCTCTCTGCCTCTCTCCCCGTCTCTCTCTCTCTGCCTCTCTCCCCGTCTCTCTCTCTCTGCCTCTCTCCCC*GT*CTCTCTCTCTGCCTGCCCTAGTCATCTAGTCTCCAAACTCCCAGTCCCCTGTGCCCCTTCCTGGGATACCATGTTGTTCTTCATCCTCCTGCTAGAGGTGATTTGGATCC,ACATTACAAATGTTAAAAAAATTATCATCATGAAAACAAACTCAAGTTTCTCTTTAAATTTGTTTTAAGATTTCCTTTGGAAGTTTTATAAGTTATTTATAAGTTATATAAATTATAAAAGTTATTTATAAGTTATATAAATTATA*AA*AGTTATTTATAAGTTATATAAATTATAAAAGTTATTTATAAGTTATATAAATACACAAGTAAATGTGCCCATTATTAATAATTTGTTTTTGTTAGAACATGTAATTAATTTTTACACCATTTCCCTCTGACTATTTCAAAAC,GAGAAGACTGGAACTTTGTCTATGCTTATCATCTAGCTTCAAGGAGAAACACAGTTGAGTTCAGCCATTTTGAAACAATGGTTAGAAACTAGATAAAAAGTTCTTAAGCTTTTC*AT*TATTTATTTATTTATTTATTTATTTTTGAGACAGAGTCTTGCTCTGTGTCCCAGGCTGCAGTGCAGTGGTGAGATCTCTGCTCACTGCAACCTCCGCCTCCCGGGCTCAA, ,,
ATATAGTAGAGGAGAATACATTTATAACTTTGGAGTAGGGAAGGCCATTTTAAGGCATGAAAAACTTACATCATAAATGAACATAAACATGATAAATTAAAATTTCCTTCCCTC*TC*TCCCTCCCTCCCTCCCTCCCTCCTTTCTTCCCTTCCTCCCTTCCTTCCTTCCTTCTTGTGAGACAGGGTCTCACTCTTCACTCTGTTGCCTAGGCTGGAGTGCAGTGGTG, ,GTAACTTTTATGGTGGTGGCCTTTGAGAAGAGCAAAGAGTGGGTATGGAAAGACCTTACTTTTCATATAGCACTTTCTGTACTCTCTCTCTCTCTCTCTCTCTCTATATATATATATATATATA*CA*CACACATATATATACATATATATACACATATATATACATATATATACACATATATACACACACACATATTATTTTTAAAATGTATCAGTAGATG, ,,
AAGTGAATACTAAGTAATATTCCACTAAATTGAATAATAATTCACATACTATCTCCTTCCCTCCCTCCCTCCCTTCCCTCCTTCACTCCCTCCCTTCCCTCCTTCCCTCCCTCC*CT*CCTTCCTTCCTTCCTTCCCTCCTTCCTTCCTTCCCTCCTTCCTTCCTTCCTTCCTCCCTTCCTTCTTCTGACTTTACCTAGAAAGATACCCACCAAGAATACTAATGAAT, ,GATGAATGAATGAATATATGTATGAGTAAATTAAATTTGAAGTAACTGGTTCTCAGAGCCAGATTGGGAAGTCACTTTCTAATAATGGAAACACATTGCTGTGTGTGCGTGT*AT*GTGTGTGTGTGTGTGTGTGTGTGTGTGTGTGTGTGTGTGTGTGTGAAGCCTTAGAGGCTTAGGAGCATCAGACGGGTGCCAACCAAGAGACATATAGGGGATTGTG, ,,
TTTTAGTACAGACGGGGTTTCACCGTGTTAGCCAGAATGGTCTCAATCTCCTGACCTCGTGATTCACCCAAAGTGCTGGGATTACAGGTGTGAGCCACCGCACCCGGCCTCTTT*CT*TTCTTTTTTTCTTTCTTTCTTTCTTTCTTTCTTTCTTTTTTCCCTTTCTTCCCTTCCTTCTCTTTCTTTCTTCCTTCCTCCTTTCCTTCCACCTTCCTTCCCTTTCCTTT, ,AACTCAGAGAAATCTAACTCAGGTATTCTTTGCCAAAAGGTAATAAAATAGTGTTAGTCACCAAGCCTCAAAGGAGGAGGGAACTGGGTAGTATATAATGGGGTGTAGGTGC*CT*GTGTGTGTGTGTGTGTATGTGTGTGTGTGTACGTGCATATATGGTGTTATAACTAAATGAAAATAGGTAACTCTTGGTCTAGAGAGTAGGAATTTCCTAAATAGTA, ,,
ATGGAATGGAATGGACTCAAATGGAATGGAATGGAATGGAATGGACTCAAATGGAATGGACTCAAGTGGAATGGAATGGAATGGACACGAATTGAATGGAATGGAATGGACTGT*AA*TGGAAAGGAATGGAATGGAACGGAATGGACTCGAATGGAATGGAAAGGACTCGAGTGGAATGGAATGGAATGGAATGGACTCGAATGGAATGGAGTGGAATGTATGCGAA, ,ATACTCTCTAAGTAATCATGACAATGTCTTATATTCTCAGATGATTTTAAAAAAGGGTAATTAACTTTTGTGTATCTAGGTAAACAAGATACTTAAAACATTTTTTTTTTTT*TA*AAATAGATAACACTAAGCCTTAGAGCAACGGTTCTTCATTCTGGGCAGTTTTGCTCTCCATGGGATATTTGGTAATGTCTGCAGATATTTTTGATAGTTAGGATAT, ,,
GTAACTTTTATGGTGGTGGCCTTTGAGAAGAGCAAAGAGTGGGTATGGAAAGACCTTACTTTTCATATAGCACTTTCTGTACTCTCTCTCTCTCTCTCTCTCTCTATATATA*TA*TATATATATACACACACATATATATACATATATATACACATATATATACATATATATACACATATATACACACACACATATTATTTTTAAAATGTATCAGTAGATG, ,TATGTGTTCTAGATGCAGTGTGACCAAAATTTTGGCCGATGGACTTGAGTAGCTATAAAAATGTTTGTTACTGGTGCAAAATGAGATAAGAATAAAATTGAGAGTAATTTAA*AA*TATATATATATAATATATATAGAATATATATATATAATATATAGAATATATATATAATATATATAGAATATATATAGAATATATAGAATATATATATAATATATAT, ,,
GTAACTTTTATGGTGGTGGCCTTTGAGAAGAGCAAAGAGTGGGTATGGAAAGACCTTACTTTTCATATAGCACTTTCTGTACTCTCTCTCTCTCTCTCTCTCTCTATATATATATATATATATACACACACA*TA*TATATACATATATATACACATATATATACATATATATACACATATATACACACACACATATTATTTTTAAAATGTATCAGTAGATGTCAATGGTAATATATCTTGGA, ,CAGACAACATGGGGAAATTGATCTCAGTTCAAGAAACATGTATTGATTATCTAATAGGTTCAAGCAGTTGTGCACTGGGGATAGAAAAATATTATCATCATCATCATCATCA*TC*AACAACAACAACAATCTTGCTGTATGCCAGGCACATAATTTTACATGTATTATCTCATTTAATCTCAAACAACTCTATGCTATAGGTGTTTATTATTATCCCTATT, ,,
TATATTTTATTTCATCTATTGATATTAGTTGTTCTTTATATACTCTAGATATTAACCTTTTATTTAGCATTTTCTCTCCTTCCTTCCTTCCTTCCTCTCTCTCTTTCCCTCT*TT*CTCTCTCTTTCTCCCTTCCTCCCTCCCTTCCTTCCTCCCTCCCTCCCTCCCTTCCTTCCTCCCTCCCTCCCTCCCTTCCTTCCTTCCTCTCTCTCTCTCTTTCTTT, ,GAGTTGCTGGCTATGGCTTGTCAGAGCGAATATATTGTACAAATCTTAGGGGAGAATTAGTGCTTATGCATTAAAATCAAATCATCTTGCAGCACACTGAGAAAAAGGTTAG*AT*TTTTAAAATAATTTCAGAGTCATGAAAAGAGCAAATATGCTCAACAAAGAGCCTAGCAACCCTCAATGACCAATTCCCCTTTTATATAGTTTGGTATCTGAATTAG, ,,
GCCCCATGCTCCCCACCAAAACTGTGCAGAATGATTCAGAAGGAAACATTTCCAACAGTTAATAAAGACCAACAGCCTCCAGTCTTAAGTAAATAAATAAATATATATAATA*AA*TATATATATATGTATATAGTAATTAAACAGTGAAGCTAGAGTTAATTTGGATAAAAAAAGACTTTAACTAAAATTTAATTTATTTAATTGATTAGGATTATTTGAG, ,GCCTGTAATCCCAGCTACTCAGGAGGCTGAGGCAGGAGAATCGATTGAACCTGGGAAGCGGAGGCTGCAGTGAGCCGGGATCATGCCACCACACTCCAGCCTGGGCGAAAAA*CA*CACACACACACACACACACACACACACACACACACACTGGGGAAGTAAAACACCTTTTACCTCTACATTTTCATTTTGGTAGCTGAACATTATCTACTACCAAGTT, ,,
GAATGAAAAAATACTTTTTGAGGATCTGCTGTATGTTATTTTGCTTAAAATCACAGTTTCCAAGAACCTATACATGATGTTAAGTGAGGACTTAGTATGTGTGGTGTGTGTG*CG*TGTGTGTGTGTGTGTGTGTGTGTACATGCATCAGTGTTATTTTGGGAGAAGCAAGAAGTGGGATAATTTTTACAATCTCCTTTGATTTTTATTGCGGTTGACGGTT, ,AGTTGCCCCATTATCTCTTGAATTATCTATCATTGCTCTGAAAGATGTGGAGTCTTTCAGGAATAAAGACCTGAAATAGAAACAAGAGGTTTAAATATTGGAGGGGAAAAAA*CA*TATATATATATGTGTGTGTGTGTGTGTGTGTGTGTGTGTGTATATATGTGTATATATATTTAAATATATATACACATATATTTAAATATATATGTATTTTTGTATT, ,,
TTCTCTTTCTCTCTTTATTTCTCTCTTTCTTTCCTTTCTCTTTCTTTCTTTCTTTCTCTCTTTCTTTTCTTTCTCTCTTTCTCTCTTTATTTCTCTCTCTCTCTTTCTCTCT*GT*CTCTCTCTCTTTCTGCCTTTCTTGCCTTTCTTGCCTGCCTGCCTGCCTGCCAGCTTGCCTGCTTGCTTGCTTGCTTGCTTGCTTGCTTGCTTGCTTTCTTTCTTTC, ,TTGCATATATTTAAGAATCATGTATAGTTATATATATATGTATACACATACATATATATGTGTATATATACATACATATGTGTATATATACATATATACATATATACACGT*GT*ATATACACATATACACGTGTATATATACATATATACACGTGTATGTATAAGCATATATACATATATACATGTGTATATATACACATGTGTATATATAAAATTATACA, ,,
CATTTATAATAGGTCAAAAAAGAAAGAGGAAAGGAAGGAAAGAAGGAAGGATAGGGAAGGAAAGGAAGAAAGAGAAAGAAATAAGAGAGAAAGAAAGAGAGAAAAAAGAAAG*AA*AGGAAGGAAAGAGAAAGGAAGAAAGAGAAAGAAAGAAAGAAAGAAAGAGAGAAAGAAAGAAAGAAAGAAAGAAAGAAAGAAAGAAAGAAAGAGAGGGAGGGAGGGA, ,GGAAGTTTCCCCTGTCCTTGGAATGCTCTTCTTCAAGATAACCCTGTGGCTCACAACCTCACTTCCTTTAGCTCTCTGATCAAATACGGTTTCTCTGAGAGCCATCCCTGAC*AC*ATGTGCATGTGTGTGTGTGTGTGTGTGTGTGTGTGTGTGTGTATACATGTTATGTACCAAGTGTTTGTGTCCACCCCAAATTCATATGTTGAAACCCTCACTCCCT, ,,
GCAGACGGTTGAAGACCTTAGTATGAGGGGAGCCAAGGAGTCACAGAGCAGTGGTGATGGTGATGATGTTGTGGTGGTGATGGTGATGATGGTGGTGGTGGTGATGGTGATG*AT*GGTGGTGGTGGTGGTGGTGGTGGAAGTGGCGGTGATGGTGATGATGGTGATGATAGTGGTCATGGTGGTGGAAATGATGATGGTGCTGGTGCTGGTGGTGGGGATA, ,TTAAATAAATTCATATATTGACATTGCTCTATGTCTTAAAATAACTTTTCAGTAAATAAGCACATAAACAGTAAATGTATTGCCAAATGAAAATTGTGATTGCTCCTAAGAACACCTTACCACATCTTTGCCCAAAGAAAATACAGCCTCAGGAGAGAAAGACTTTCAAATATATCAATTG*GT*ATATATATATATTTTTGAAAAATGTAAATACATCTTTACTTTATCTAAAATTATTATAGCTCTTCTGTTTTTTAAAGAAAGATCCAAGAGTTTATAATACAATAACACAAATATTTATTTTTTAAAAATCAATGTAATGAATATTTTAATTATTTAGTATTTTTTGATGAGTTCGAAT, ,,
GTGACGGCCTAAGGAAGCCCCTCCGCCCAAGAAGCGATATTCATTTGTATCCTGTAGCCACCCACGAGGGAGAATCGGGCTCTCTACAGACCCCCAATCCCCACCCCACCCG*AA*CCCACCCCCCTGCCTCGTGAAATGAGCTCTCGCTCCGTCGGGCTCTATTCACGCCGTGTGGTTTTGTAACCTCCAGCGTGTGTGCGTGGGTTTCGGGGTGGGGTGG, ,CCCATCTCTACTAAAAATACAAAAAAAATTATCTGGTGTGGTCGTGGGTGCCTGTAATCTTGGCTACAAGGGAGACTGAGGCAGGAGAATTGCTTGAACCCAGGAGGCAGAAATTGCAGTGAGCAGGGATCGCTGACAGAGTGAGACTCTGTCTCAAAAAGAAAAAAAGAATCAGAACACA*TT*ATATATATATACTTTTTTTTTTTGAGGCGGAGTCTTGCTCTGTGGCCCAGGCTGGAATGCAATGGTGTGATATTGGTTCACTGCAACCTCCACCTCCAGGGTACAAGCGATTCTCTTGCCTCAGCCTCATGAGTAGCTGGGATTACAGGCACCCGCCACCACACCTGGCTGATTTTT, ,,
GCATTTATGTCATTCTTCAATTAATCAAAATTAGTATTTTTCTGATAGATACCTGTTACATAAAGTAAAACATGGACATTATTAAATAGTTAGCCTTGTGATTTGTGTGTGT*AT*GTGTGTGTGTGTGTGTGTGTGTGTGTGTGTGTGTGTGTGGTTTTAATGAGTGGAGAGTTTAATAGGCAAGAAAGATGGGAGAAGGCAGAAGATAGAAGCTCCCCCG, ,TAGTTACTTTCTCTTCTTGGATATATTTTCTTTCTCCCACCTCTAACTTTATTGAGGTATGATCAGCAAATGAAACTTGTATATATTTAAAATGTACAACATGCTGTTTTGATATACATATACAATGTGAAATGACTACCACAATCAAGCTAGCATATCCATCAACTCACCTACTTACCGT*CT*GTGTGTGTGTGTGTGTGTGTGTGTGTGTGTGTGAAGAATGCTTGAGATTTACTCCTTCCACAAATTTCAAGTGTCCAATACATTATTAACTGGAGTCGCCATACTGTGCAATAGGTCTGCAGAACTTACTCATCTTATAACTGAAAGTTTGTACCCTTTGACCAACATCTCATTTCTT, ,,
TTAAATATAAACTCCATATGAATATTTTCCAAATCCAGATATCTATCTTGTCCTTTCTCCCCTCTCTCTCTCTCTATATATATATATATACACACACACACACATATATACG*TA*TATATATACACACAGATATATATATACATATATATACACACACATATATATGTGTATATATATATACATATAGAGAGAGAGAGTTTATTTGGGATGGCACTGATAG, ,AGTTCCCAGGAGGCAAAGTGATTAGTCCACAACTTCTTCGTGGCAGAGCCAGAAAGGGGATGCTCATATCCAGGCTCTCAGTAAAATGATATTTTCTGAGGCCCTAATCCTACTCTGCCTTCAGATATGATATTAGCACTTATCCTCTCTTCCTACATCCCTGACCTTGACTGTTCTTTCC*TA*CCCCACCCACCCCTGTTGTGATGGGGAATTACTCTGATGCAATGGTGGCCTTTTCAAGTATGCTCTACACATAGTTGTCACCCAAACCAGGGGTCATGGAACTGGAAGCTCACAGCCAAATTAGGATGCTCAGATCACATGGTTTATTAAATCAATTTGAAGCACACAGCAAAACAAA, ,,
AAACAGATAGCTATATTCAAAGATTTGTTTTTTTAAGTAGAGACACAGAAATGTGATGGTAGATAGAAAAGAAATGTTGGATCAAGGGAGGCTGCTGTGTGGTGTGTGTGTG*TG*TGTGTGTGTGTGTGGATGTGTTCAAAGAGAAAATTTTTACAGGATGTTTTTGTGCAGTGGGGAAAGAAATCTGCAAATGAGGGAGAGAAAAGGACTAATTGAGAAA, ,GAAACCAACTCTTTAAAGATTCCACATATGAGAGAGTCCATGTGATATTTGGCTTCCTGTTCCTGGCTTACTTCACTTAACACAATGTTCTCCAGGCTCAATAAAATTGTTGCAATAATAAGATTTCATTTTTTGTGGCTGAATAATATTCCACTGTGTGCATATCTATATACATATGGCA*AA*TATATATATATATATTTGCCATATCTTCTTTACCCGTTCATCCACTGGCATATATCTATGGCATATATATATATATATATATATATATACTATTATATAAACTATTATATAAACCAATAAACTATTGGTGAGAAAGTGGCCGGGCGCGGTGGCTCACACCTGTAATCCCAGCACTTTG, ,,
AATAGCTAATACGTTATCTCAGCAAAGTAGTGTTTGAAAGGGAGTAAAGAGCTAAGGTTGATTTTCACTTATATTCAAATCGTATTGAAACATCATTTCCTATTTTTCCCAGGGTCAATTTCTGACAGCAGTTTGAAAGTAGAAGACTTAATACACATATTCTTATGTGTGTGTGTGTGTG*TG*TGTGTGTGTGTGTGTGTGTGTCGAGAGAAAGCATATGGACACTATTGCAGCGGCAACAGAAGAGAAAGTAGTATGGACTTTTCGTGCTAGAGGAGATTTTAGAGATCTGCCGGCCCAACCCACACATTTTACACATGAAGAAATCCGCACTCATAAAATTTAGATGGCTAACTTAAG, ,CAGGCTGCACAGGGAGTCAGCTTTATTTTGTCTTATTGCCAAAAGGTATATATATATATATATATATATATATATATACGTATATATATATATATATATATATATATATATACACGTATATATATATGTATATATATATACGTATATATATATATATACGTATATATATATATGTATATAT*AT*GTGTGTGTATATATATATATACACACACACATATATATACGTATATATATATATATATATACGTATATATATATACTCTTAGCTTGCATTCCTGTAACTTTTCAAGGAGACTGCATAAGAGTGTGTAGATAGGGCATTGCAATATAGTATTACTTGATAGCAGAAAAACAACTCAAA, ,,
CCAGATGGCAATGGATTTAGAGTGAGATATGTGCACACTGCAATCAGATTCAAAGATGTTAAAATGCAAATTAGATTGTGTTGATTCCTTACTTAAATTCCAAATGTTCAGCATTTTTCAGTTAATCATTAATCTAGTAATATTTATGAACTGCCTAGCTACTACATACTGGACACTTTCT*CT*CTCTTTCTTTCTTTCTTTCTTTCTTTCTTTCTTTCTTTCTTTCTTTCTTTCTTTCTTGCTTTCTTTCTTTCTTTTTCTCTTTCTTCCCTTCCTTCCTTCCTTCCTTCCTTCCTTCCTTCCTTCCTTTCTTTCTTTCTTTCTTTCTTTTTCTTTCTTTCTTTCTTTCTTCTTTCTTTTT, ,CCACGCCCAGCTAATTTTTGAATTTTCAGTAGAGATGGGGTTTCACCATGTTGGCCAGGCTGGTCCCAAACTCGTGACCTCAAGTGATCCACCTGCCTTGGCCTCCCAAACTGCTGGGATCACGGGCGTGAGCCACGGTGCCCAGCCCGGGCCAATTTTATTATTATTATTATTATTATTA*TT*TTTTTTTTTTTGTAGAGACAAGAGTCTCACTATCTTGCCCAGGCTGGTCTTGAACTCCTGGGCTCAATTGATCCTCCTGACTCGGCTTCTCAGAGTGCTGGGATTACAAGTGTGAGTCAACATGCCTGGCCCTAAGACCTACAATATATAAATAAAAAGCTGGGGAAAAAAAAAAGC, ,,
CAGGCTGCACAGGGAGTCAGCTTTATTTTGTCTTATTGCCAAAAGGTATATATATATATATATATATATATATATATACGTATATATATATATATATATATATATATATATACACGTATATATATATGTATATATATATACGTATATATATATATATACGTATATATATATATGTATATATATGTGTGTGTATATATATATATACACACACACATATATATAC*GT*ATATATATATATATATATACGTATATATATATACTCTTAGCTTGCATTCCTGTAACTTTTCAAGGAGACTGCATAAGAGTGTGTAGATAGGGCATTGCAATATAGTATTACTTGATAGCAGAAAAACAACTCAAA, ,TTATTCCTTTTACAAATGAGAAAAGTAAGACTCAGAGAGGTTAACTAACTTACCTAAGATCACAGAATTAGCTTGTGACAAACCAGAGTTTGAATCCAGGCAGCTGGACACCAAAGCCTACATACTTAACCACCAACTCTATAATGCTTTTGAAATCAGGAGAAACATGCATGTGTGTGAG*TA*CACACACACACACACACACACACACCCCACATACAGTTTGCTTTTTCAAAAAAGAAAGATTACTTATTTACTCCAAATCAACTCCTTGACTTAAAATAACCATAATTTCAGTCACTTCCTTGAGATAATACAAAAAATAAAAATAAAAAGCCCAGTTCAGTTCAAGCTCGTATGGTA, ,,
CAGCTACTTGGGAGGCTGAGGCAGGAAAATCAGTTGTACCTAGGAGGCGGAGGTTGTGGTGAGCCGAGATCATGTCATTGCACTCAAGCCTGGGCAACAAGAGTGAAATTCTGTCTCAAGAAAGAAAGAAAGAGAGAGAGAGAAAGAAAGAGAGAGAGAGAGAAAGAGAGAAAGAAAGAAA*GG*AAAGAAAGAAAGAAAGAAAGAAAGAAAGAAAGAAAGAAAGAAAGAAAGAAAGAAAGAAAGAAAGAAAAGAAAAAAGAAAGGGAGGGAGGGAGGGAGGGACGGTAGGAAGGAATGAAGGAAGGAAGGAAGGAAGGAAGGAAGGAAGGAAGGAAGGAAATGCATTTATAGACATACTTA, ,ATTTAATAAATTGCTTTGACCATTTTGGGCAGTATGACCATTTTAACAATATTGATTCTTCCTATCCATGAGCATGGAAAGTTTTCCCATTTGTTTGTGTTGTCTCTGATTTCTTTCCTCAGTGTTTTATAATTCTATTGTAAAGATCTTTCACCTCCCTTGTTAGCTGTATTCTTATATA*TT*GTGTGTGTGTGTGTGTGTGTGTGTGGCTGCTGTGAATGAGATTGCATTCTTGATTCTTGCTCTCAACTTGGATATTGTTGGTATATAGAAATATTACTAATTTTTTACATTGATTTTGTGTCATGAATTTACTGAAATTGTTTATCTGATCTAGGAGCTTTTGGGTGGAGACTATGC, ,,
CAGCTACTTGGGAGGCTGAGGCAGGAAAATCAGTTGTACCTAGGAGGCGGAGGTTGTGGTGAGCCGAGATCATGTCATTGCACTCAAGCCTGGGCAACAAGAGTGAAATTCTGTCTCAAGAAAGAAAGAAAGAGAGAGAGAGAAAGAAAGAGAGAGAGAGAGAAAGAGAGAAAGAAAGAAAG*GA*AAGAAAGAAAGAAAGAAAGAAAGAAAGAAAGAAAGAAAGAAAGAAAGAAAGAAAGAAAGAAAGAAAAGAAAAAAGAAAGGGAGGGAGGGAGGGAGGGACGGTAGGAAGGAATGAAGGAAGGAAGGAAGGAAGGAAGGAAGGAAGGAAGGAAGGAAATGCATTTATAGACATACTTA, ,ATATATATTATATATAATACCTATTCATATAATATATATTATATAAATATATAAACATATATTCATACATATATCTTTCATATATATGAAAAGATTTATTATGAGGAATTGGCTCAGGTAATTATGGAGGCTGAGAAGTTATATTTACATAATTTCTCTCTCTCTCTCTCTCTCTCTCTCT*CT*ATATATATATATATATCTCCTATTGGTTCTGTTTCTTGAGGGAACCCTGACTAATACAATGTCTTTAAAGGAATTTGTCCATCTATCTGGGCTAATTTGTTGGCATACAACTGTTCATAGTATTCTACACTCCATTTTATTTCCGTAAAGTCAGTAGTAATGTCCCCTCTTAGTTTCT, ,,
GTAATCCCAGCTACTTGGGAGGCTGAGGCAGGAGAATCTCTTGAGCCTGGGAGGCAGAGGTTGCTTGGACTCCAGCCTGGGCAACAGGAGCAAAACTCTGTCTCAAAAAAAAAAGAAGAAGAAGAAGAAGTGGAAGAAGAGGAAGAAGAAGAAGAAAGAAGAAAGAAGAAAGAAGAAAGAA*GA*AGCAGAAGCAGAAGCAGAAGTAGAAGCAAAAGAAGAAGAAAAAGAAGAAGAAGGCGGCTCCATGCTTGTCATTGTCTCTGAAGACCTTCCTGTGGCACAAGATATGGAGTTGGAAGACATTGATATTGATTACCTTGACCTTGTGTAGACCTAGGAAAAACATGTGTGTTTGTGTCT, ,TGCTTATGCCTTTGCATTCTCATAGCCTAGCTCCCACTTACGAGTGAGAACATATGATGTTTGGTTTTCCATTCCTGAGTTACTTCACTTAGAGTAACAGTCACCAATCTCATCCAGTTTGCTGCAAATGCCATTAATTCATTTCTTTTTATGACTGAGTAGTACTCTGTCATAT*AT*GTGTGTGTGTGTGTGTGTGTGTGTGTATATATATATACACACACACACACACACACACACACACACACACATATGACATTTTCTTTGTCCACTTGTTCGTCGATGGGCACTTAGGTTGGTTCCATATTTTTGCAATTGCGAATTGTGCTGCTACAAACATGCATGTGCA, ,,
TAATTAAGTCCCATTTGTCTATATTGTTGCTTTTGCCCTTAGGGTCTTCTTAATCAATTCTTTGTCTAGGCCAATGCTAGAAGAATATTTCCTAGGTTTTTGTTTTCCCTTTCTTTCTTCCTTCCTTCCTTCCTTCCTTCCTTCTTTCCTTCCTTCCTTCCTTCCTTCCTTCCTTCCTTCC*TT*TCCTTTCCTTTCCTTTCCTTTCCTTTCCCTCCCTCCCTCTCTCTTTCTTTCTCTCTTTCTTCTTTTTTTGACAGAGTATCACTCTGTCATCAGGCTGGAGTGCAATGGTGCGATCTCTGCTCACTGCAACCTCTGCCTTCCGGGTTCAAGCGATTCTCCTGCTTTAGCCTCCCGAGT, ,TCTAAAATAATCATAGAAAGGATGAGTTCTACCATTTATTTTTATTGGGTTCCACTGTGTTCCAAAAGCTGTGCAAAGTATCTTATATACATTATTTGCTCTTTTCAATCTAAAATCAAGTCCATGTTGCTTAAGAACACTGAGATTTTAGAAGCAGAACCAGAATTCGAATACA*GG*TGTGTGTGTGTGTGTGTGTGTGTGTGTGTGTGTGTGACTGAAGATTGCTATTTTCGGCTGGGCATAGTAACTCACGTCTGTAATCCAGCACTTTGGGAGGCCGAGGCAGTTGGATCGCCTGAGGTCTGGAGTTTGAGCCCAGCCCGGCCAACATGGAGAAACCCTGTCT, ,,
ACATTTATACCATGATTTTTCTATGTATAATAATTTTAAAAATTAACATCCTGTCTAACATCTTGTCATTCTTGAAAACTACGTAACATGACTTCCCCCATTCCCACATTGTTCAGGCTTTTGGTCAGTCAATTGCATGGAATTCCTTCCTTTCCTTTCTTTCCTTCCTTCCTTCCTTCCT*AC*CTTCCTTCCTTCCTTCCTTCCTTCCTTCCTCCCTCCCTCCCTCTTTTCTCTTCTCTTCTCCTCTCTTCTCTTCTTCTGTCCTCTCCTCTCCTCTCCCCTCTCTCCTCTCCTCTCCTCTCCCCTCCCCTCGCCTCCCCTTCTCTTTTCTTTCTTTCTTCTCTTTCTTTCTCTTTCTTTC, ,TATGAACAGCTGTTATCTATGTTGTGCCAGATGATACCAAGTAACTTTCTGAGGAATACATTTTTTTATGTAATGAGGCTTAATATATTAAATTACAATTCAGAATGTATAATTATTGTTTTTCCTTTCCCCTGGACAGTACCCTACATCACTACATAGCCCCCTGAGGCGGTTG*TG*GGGGGGGGCGGGGGTGGTATGAGGAAAACGTTTACACAGAAGGAAACATTTGAAGACAATTTTTTAATAAACAGAATAACATGAAGCATGGGCATTAGAATTAGGTGGAACAAGGTCCAATAATTATATCTAGAACATATTCACTCTTTCAACTAATGAAAGCCATTCT, ,,
TCCTTCTCCTTCCCCTTCCCCTCCTCCTTCTCCTCCTCCTCCTTATTCTTCTTCTCTTCTTCTTCCTCTTCCTCTTCCTCTCCTCCTTCTCCTTCTCCTCCTCCTCCTCCTCCTTCTTCTTCTTCTTCTTCTCTTCTTCTTCTTCTTCTCCTTCTTCTTCTTCTTTTCTTCTTCT*TC*TCTTCTTCTTCTTCTTCTTCTTCTTCTTCTTCTTCTTCTTCTTCTTCTTCTTCTTCTTCTTTCTGTCTTTTCTCTTTACTGAATTGTATTCACTATTTCTCTCACCATTTTCCTTGGAACCACTCTAGGTGGGATTTGTCTGAGGTGTTGATTCAGTACAAATTCTCTC, ,TCTAAAGCTTGGTTTCTTCATGTGTAAAGTAGGGAAAATAGTACCTGCCTCCTGGGTTTGTTGTAAAGATTAAAAGGGGTACTGCATGCAAAATTGGAACCGTGCCTGGCAAGCAGTAAGCACCGGCACATATTATTGCCCCATGCATGAATGCCATGCTCTGTTTCTGAAAAGA*TC*CCCCCCCCGATAACCCACTCTGAAGACACCCACACTTTTCATCACTATAAACTTGTGGTTCTGATGAGGAGGCAGAGATTTTGCCTCCCCTCCCCACTGTGACCCCCTACATTTGGCAATGTTTTGAGACATTATTGGGTGTTGCAACCCAAAACTTGAAGGGTGTTAC, ,,
TTTAGAAGGGACCTATTGACACTAAGCACATCGTATTACTAAGGTCAAAAAACGTCTTCTTCAATATACAAAGCAGAAGCAGTTCAATATTTCTCTCTCTCTCTGTGTGTGTGTGTGTGTTAAATATGAACTCCTATTAATCTAAACATAAATCACTTTGAGAATATATATATAT*GT*ATATATATGTATATATATATGTATATATATGTATATATATGTATATATATGTATATATATGTATATATATGTATATATATAAGTATATATATATATGTATATATATATAAAAGCAAATCAATGAACCATTCCCAAGTTTTGTTGAAGCCAACATTGAACTTACCTGTGA, ,AATTTTTCACTCTGTGAAAAATTGAAATTCCTTTCATTAGAAAATTGGATTAAAATAATTGAATTTTAGGTGTAGGTCGAACTCAGAGTTCATGAAGAAGATATTCACTATCATTTTATTTATACCTAAAACCTTAATAGATTCCAGATCTCTCTCTCTCTCACTTTCTCTCTCT*CT*ATATATATATGTGTGTGTGTGTGTGTGTGTGTGTGTGTGTGGTGTACGCATGTATATATAATTTTTTATATCAATTTAAAATTTTAATGATTTTAATATTCTAAAAGATATGCTTGTAAAAACTTTTGCTCATAACAGCACTGTGAAGTTCAAAAAGCAATTGAGTGTC, ,,
CACTTCGGAAGAAAAAGAAAAGAAAAAGAGAGACAGACATGTACAGAAAAATAAGAGGCAGTCACATGTTAGGTCAGAGAAGGAATCAGGGAAGAGAATGGCAAAGGAATGAGAATAAAGTATCAAAGGGTAAAGTAAACAACACTGTTGTCAAATCAGGCTCGCTCTCTCTCTC*AC*TCTCTCTCTCTCTCTCTGTGTGTGTGTGTGTGTGTGTGTGTGTGTGTGTGTGTGTGTGAAATCTGGTGTGTTTGTGCTTCAGTGTTCCCATTTACCTTTCTTTCCTTATGTTCCCAGCAAGGGAAGTTATGTGCAGACAAATCTATAACAAAGTAGGATTTTCCCCCA, ,AAATTATTTGGATGATAGGAGTATCAAGTGCTTATACAGACTAGGAAGCTAGTTAGGATGGACTTTTACTTATCAATTAGCTTATTGGTCACCAAGACCCCAGGGTTCCGTTTTTTTTTTTTTTTTTTTTGGCTCCTTTTCTGATCCTTTCTTTAACTCTTTCTTATGGTTTGCA*TT*CTCTCTCTCTCATTCTCTTTTCTATCATTCTTTCTCTCTCTCTCTACAGACACACATACACACACACACACACACACACACACACACACACACGCAGACAGAAGATGAGGACATTTTGTGAAAAATGAGGAAGGGTGTTGGGTAAATGGGATTCCATGTGGCTAGAAGA, ,,
GCTGAGCAGGACATCTGTAGACACAGAGAGGAGCACCCCATTGCCACCAATTACTAGCGGAAGCAGTAAGGTATAGGGATAGATCCCACAGAAGAGCTTTGGATGGTTTTCTGGAAGTTTTGTTTCAGAAAATACTCTTTCATTTAGCTTTCATGATAGGCAGTTTTTCTTGTGT*GG*TGTGTGTGTGTGTGTGTGTGTGTTTTCTTTTAGAAGAAACTTGAGTAGACCAAAAAAAAAAAAAAAAAAAAAAAAAAAGAGGAAAAGCCTGCAAGTGATTACTGCATGTGTAATTTAGTGAACTCTACCTGTAATGGATGCCAGACAACCTTGATGGGAAATGAAAGTG, ,GCTTATATATATATATATATATATATATATATATATATAGAGAGAGAGAGAGAGAGAGAGAGAGAGAGAGATTTATCTCAAAACCTATATATATATATATATACCTCAAAACCTATATATATGTATATATGTGTGTGTATGTATATATATGTGTGTGTGTGTGTGTGTGTGTGGA*GA*TATATATATATATATATGTTTTTTTTTTGAGATGGAGTCTTTTTTTGTGTGTGTGTGATGGAGTCTCACTCTGTTGCCCTGGCTCGAGTGCAATGCCATGATCTTGGCCCACTGCAACCTCCACCTCCAAGATGGAAGCAATTCACCTACCTCAGCCTCCCAAGTAGCT, ,,
GGCATGATGGCAGGCACCTGTAATCTCAGCTACTGGGGAAGCTGAGGAAGGAGAATCGCTTGAATCCAGGAGGCGGAGGTTGCAGTCAGCTGAGATGGCGCCACTACACTCCAGCCTGGGTAACAAGAGTGAAACTAAGTCAAAAAAGAAAGAAAGAAAAGAAAAGAAAAAGGAA*AA*GAAAGGAAAGGAAAGGAAAGGAAAGGAAAGGAAAGGAAAGGAAAGGAAAGGAAAGGAAAGGAAAGGAAAGGAAAGGAAGGCAGGGCAGGGCAGGGCAGGGCAAGGCAGGGCAAGGCAAGGCAAGGCAAGGCAGAAAGAAAAGAAAAGAAAAAAGAAAAGAAAAGTAAAA, ,GATGGTCATTCTCACTAATAGCTAGATATGGAAAACACCAGCAAAAAAAAACAAGCCCCACAGAAAGAAGTACATAATTAAAAATTAACATGTAAACAATTCATTTGCCATGAACCAAAGATTACAGACATATATATATGTATCTCCTTATTGTAGTGTGTGTGTGTGTGCGTGT*GT*ATATATATGGAATATATATATATCTATGGAATATATATATATATCTATGGAATATATATATCTCTATGGAATATATATATATATGGAATATATATATATCTCTATGGAATATATATGGAATATATATATATCTCTATGGAATATATATATATATCTCTATGGAATAGAG, ,,
TGGTGACAGGTGCCTGTAATTCCAGCTACTTGGGAGTCTGAAGCATGAGAATTGCTTGAACCCAGGGGGCAGAGGCTGCAGTGAGCTGAGTAGCACTCCAGCCAGTGAGACTCCATTCTATCATTATATATATATATATATATATACACACACACATATATATATACATATATGT*AT*GTGTATATATATATATATACACATACATATATGTGTATATACACATATATGTATGTATATGTATATATACCTTTGTCAAAATTTTTGAGTGGCTCTGTGTATTTGGGGGTATATTGTCCTCTGCATCACCATAGTAAGACATCTCTGTAATTTGCTTAGTAAAATAAAC, ,TTCTGATTCACCAAAATGACCCAGGCTTGTCTCAAGCTTTCTTACCGTAGCCTTGGAATCAGCCATTTTCCCAAGAAGCTCTTGTTCCTTTTAGTGTGGAAAAATGCTTAGAAAGTAAGATCAGGACATGCTTTGTATTTTTAGTTATGTTCATATGTATGAACATATATATATA*TA*TACACACACACACACACACACACATATATGTATTTGTCCTGATTTTACAATTGTATTTTAAGCTTTCTGATGGATTTTGCCCAATGTCTGATTATATATATTCCACAGGATTTAGTATAGCAACTGTCTTTCACATATTAGGATTTTAGAATGGAAAGTGGCCTTAGAT, ,,
AATGGAATGGAATCAACCCGAATAAAATGGAATGAAATGGAATCAACCCCAGTGGAATGGCATGGAATGGAAAGGAATGGAATGGAATGGAATGGAATGGTACGGAATAGAATGGAATGGAACGAAATGGAATGGAATGTATTAAACCCGATTGGAATGGAATGGAA*TG*GAATGGAATTGTGTGGAATTGAATAGAATGGAATGGAGTGTAAAGGAATTGAATAGAATCAACCCGAATGGAATGTAATGGAATGGAAAGGAATGGAATGGAATGGAATGGAATGGAATCAACTCGAGTGGAATGCAATGGAATGGAATGGATTGGAATGG, ,ATTAAGAACTGAATTGTATACGTCTTAAAATTCATTGTTCCATATACATAACAATGCTTTAAAATCAGCAGTGCCAAATATGAAAAACTATTGTATATTTTCATGTTAGGTAAAGCTATGTTTTTCCTTTCTTCACACACACACACACACACACACACACACACACACACACACA*CA*ATAGATAACGTGTTTCTCTTTTAGACCAATAATAATGAAATACATTATGAACACTGGACTTCATAAATGGTAATTGATTTGGCACATGATTTATTGCCCTCTATAACAACCTTCCCAAATTTTCTGAACAAACAGATCAACAGAAAGCTCTTTCTTCACTCTTGTTTAT, ,,
TTTTACTTAGATAAGGAATAAAAACTAATGTAAAAGAAAAAAAATCCGGATATAGTATTTTAATTAGCATTGTTTGGTTTGTTTTCTAAATTATAGTTTCAAAGGCAGACAGCAAAGACTTTGGGGCAGATAACTATGTAAATTGACTAATCTTTCGAATGCTTTCT*CT*CTTTCTTTCTTTCTTTCTTTCTTTCTTTCTTTCTTCTTCCTCTTTCTTTCTCTCTCTCTTTCTTCCTTTCCTCTTTCTTTTCTTTCTTTCTTTCTCTCTTTCAGATGCAGGGTGGTGGGGGGGGGGGTTCTCCTTATATTGCCCAGCCCAGACTCGAACCC, ,ATATAGTGAGAACATGAAATATTTGTCCCTCTGCACCTGGCTTATTTCACTTAACATAATGACCTCCAGTTCCATCCATGTTGCTTCCAAAGACAGGATTTTATTTCTTTTTATGACAGAATAGTATATATATATATACACACACACACTATATATATACACACACATAAGTACA*TA*TATATATGCACATATGTATACATGTATACATACATACATATATACACATATTTCTGTGTGTGTGTGTATATATATATATATATATATACACACTATACACACACACACACACATACCACATTTTAAAAATCCATTTATCCATTAATGATAGAATCCAGGTTGATTCTAT, ,,
AATAATACTTCATGCAAATAGTAAACAAACAGAGCAGGTGTGGCTGTACTTACATGAGGCAAAATAGACATTAAGTCAGAACTGCCATGAGAGACAATGGAAGGATGAAAGGTATTATAACAAAAATATCAATTCACAAAAAAGGCATAACAATGATTACGTGTGTG*AG*TGTGTGTGTGTGTGTGTGTACCTAGCTTTAATTAAGGTACCCACACGCATAAAGAAAATATTGACAGAACTGAGGGGAGCAATTGACAGCAACACAAAAATAGGAGATTTCAATGCCTCACTTTCAAAAATAGATATAACATTCAGATAAAGGATTGATAA, ,TTCACTGCCTCTGCCTCCCAAAACGATAGTATTACAAGTGTGAGCCACTGCACCTGACCCTGAATTATTTTAATGCAGGTAGGTATTTGAAAGCCTAGGAATGAGGGCTAGTTATTTCATGGTTTCTGACATGTCATTGCTTCCAGGCCTACTCGGTGAACAAAGCATGAAAAT*GG*TGTGTGTGTGTGTGTGTGTGTGTGTGTGTGTGTGTGCATGTGATGGGTCTAAAAATGTATCTCCCTAGTGACTTCACGAAAGGACTGTGTGAGTTCTCTCAGCTGCTGGGAGTACACTTAGCAGCAAACATGAGCTCCCAGGCCCTACAGGGTCTATATTTTTAATTTA, ,,
TCCAGTCTGTGAGAATTGCTGTGCTGTTTGGCTACACATGTGCTGCTCAGGGTTGACCCTGAGATTTGCACACATTCATTCACAGAATTAGGGGATCCCCTTCTCCAGTTTTTTCTCTGGGATTTTCCCCACATTCTTCAGTTTACAAGACCGCCCCACCTTCCCCA*CC*ACACACACACATACACACACACACACACACACAGACACACACGGACACACACACACACACACACACACACACACTCTTCCTCTAGCCCGAAAGATGAGGTTTCTTTTGGCGTTTTATCTACCCGTGCTGTAGCTCCTGTAGTGCAGCTCCATGCCTGGGACT, ,GTTTATATTAATTATTCCAATAAAGTTTTATTTGCATTTACACAGATATTTGGCCAGTATGACAAGACAGCTATTCCAAGGGATATAAAAGCCAAAATGAGGGGAGGTAGAGGAGGGGTTATCAAGAGGGTGTTATGTCTCTATAACTCAAATATTTGATGACTTTA*AA*TATATATATATATGCAGAGGCCAGTAAGAACAGATGCCTCTTTCAGTAAACATTTTCACAAAAGAGCAAACCACAACAAGGGATGTTACCTCAGTGGCATGTAGCATAGTCACTGGCCCTGCAATAAATATTTGTTAATTGGTAAGAAAGAACCGGGAATA, ,,
GGGCGCCTGTAATTCCAGCTACTTGGGAGGCTGAGGCAGAAGAATCGCTTGAAGCCGTGAGGCGGAGGTTGCAGATAGCGCCACTGCACTCCAGCCCAGGAGACAGTGTGAGACTCCGTCTCAAAAAAAAAAACCAAAAAATAAATAAATATATAT*AT*ATATATATATATTCCATTACATCCCCCAGAGTAGGTCAATTTGTAAAAGGGCATTTAATTTATCTGGTTAGCACTGTTTTCCTTAGATAGGCAATTGGGGAGGCAATGGAGAAAAATATCAAATGCATTCATTAATAATTCATTGGTAGGAGC, ,AGATTACCCAGAAAAATACTAATACTCATTAATTCTTCTTTAATCAAAACAAATTGTGATGAATTACTACAGAAATGCCATAGCCAAAAGATTCTTTCCCATCCTTTGCTTGTCTATCCCCAGCCTACTCTGGCTAATCCTTCCTATGGTCACTGGATTTAAAAATA*CG*TGTGTGTGTGTGTGTGTGTGTGTGTGTGTGTGTATTAGAAATCAGACTATCAAAAATGTTCTGAATTAGATAAATTCAGGAAGAAAAATACAAACGTTCACAGATTAACCAATCTTATAAAAATACTGACAAAAAAACATGGGCAAGGCAATAAGCCTTCTC, ,,
CAAAAATTAGCCGGGCGTGGTGGCAGGTGCTTGTAATCTCAGCTACTTGGGAGGCTGAGGCAGGAGAATGGCTTGAGCCCGGGAGGCAGAGGTTGCAGTGAGCTGAGAATGCGCCACTGCACTCCAGCCCGGGTGACAGAGTGAGACTCTGTCTCA*AA*AAACAAAACAAAACAAAACAAAAACAGACACACACTGTTAAATTATAAAAGCTTATGACAAACAAATAAAGGCTCACAGCTATTGGTATAAACACTGAAAACAAATGTTCAGAGGGAGATAGATGATTGTGCTGTTTCATAGACACAGGACAG, ,GCTAAATAGCTAGCCAACAGATTTCCTCCCAACTATTCCATTTAACTTCCTTTCTTCCTTCCATCTGTCATTCATTCATTCTTTCCTTCCTTCCTTCATCTTTTCTGCTTCCTCTTTTCATTTTCAAGTTGTAAATTCTTTAGTATCAGTTGTGAACTCAGTAAAGC*TA*CACACACACACACACACACACGCACAACTGGTTATTAACAGGATTTTTCCTTTGCGTTGGAAAATTACATTTTCTGTTTCAGAACCATAGGGTATTATTCTTTTTTGATTTATCAGAATCACTTCAAAATAAAATACCTTCACTAAAGGAGCTTATTTCTA, ,,
GTTTTGCTCTCGTTGCCCAGGTTGGAGTGCAATGGCATGATCTCAGCTCACCGCAACCTCCACCTCATGGTTTCAAGCAATTTTTCTGCCTCGCCTCCCAAGTAGCTGGGGTCACAGGCATGCACCACCATGCCTGGCTAAATATATATATATATA*TA*TAGATAGATAGATATAGATATATATATATTTTTTTAATAGAGATGGGGTTTCTCCATGTTGGTCAGGCTGGTCGTGAACCCCCGACCTCAGGGGATCCACCTGCCTCAGCCTCCCAAAGTGCTGGGATTATAGGCATGAGCCACCACACCCGA, ,TTTTTTGTATTTTTAGTAGAGATGGGGTTTCACTGTGTTAGCCAGGATGGTCTCGATCTCCTGACCTCGTGATCCGCCCACCTCGGCCTCCCAAAGTGCTGGGATTACAGGCGTGAGCCACCGCGGCCAGGCATAAATCTTACAGTGCTTACTCTAGGCCGGGCATA*AA*TACACACACACACACACACACACACACACACACACGCTCTGTCTCTCTTTACTCTCCCCAGCAACCTTACAAAGTAGATTATATTATTTGTCTCATTTTATAGATGACGAAAGTCATAGATAGATTATGCGATAAACCCAGAAGCACACAGTTAATATATG, ,,
AAAATCTCTTTATATTAACTACACTCTTATTTTAAAAATGTGAAAAAATAAATCCTAAAATAAGCAGATCTATATTTTAAAATATTCAAATTGATGGTTAAAATACTATTTTATATATATGCATATGGGTGTGTGTATATATATGTATATGGGTAT*AT*ATATGGGTATATAGATACACATACATGTATACGAATATATATACACATATATATGTATACGAATATATACACATACATGTATACGAATATATATACACATATATGTATACGAATATATATACATGTATGTATACGAATATATATACACATAT, ,AATACACTCTTTGCTTAAAGCAAATGAGTTATAAACAGTTTTGCGGGTCAAATCAAACCACTCACTAAAGATGAGATTCATTAGAAGTGGAAAAGGACTGCATATATTGAAACCTCCTGCATGTCAGGCTCTAACTTAGACTTGTTATCTTATTTAACATACATAAA*TA*CACACACACACACACACACACATACACACAGAGAGAGAGAGAGATGGTTTGGCTGTCTCCCCACTTAAATCTCATCTTGAATTGCAATCCCCATAATCCCCAGAGGGAGGGACCCAAAGAGAGGCAATTGGATTATGGGGCAGTTCCCCCCCCATAATGATA, ,,
TGAGACTCCAAAAAAAAAAAAGAAAGAAAGAAGGAAAGAGAGAAAGAGGGAGAGAGAGAGAGAAAGGGAGGGAGGAAGGAAGGAAGGAAGGAGAGAAAGAAGAAAGAAAGACAGAAAGAAAGAAAAGAAAGAAAGAAAGAAAAGAAAGAAAGAAAG*AA*AAGAAAGAAAGAAAAGAAAAGAAAGAAAGAAAGAAAGAAAGGAAGAAAGAAAGAGAAAAGAAAGGAAAATACCTTTATTAGTTAGAATATTTTAAAAACAAATGTCCTCATCCTGCTTCTAGCAAGACCCCAGAGCAAGCTGATGCAAGTGCT, ,TTTTTATTGGCTGCTGGACTCAGTAATATTACATTGTTTAGTGCCTGGATTTTCTTACTTTAAATGTGGGATTTGGTCTGGCAGAAGTTATTTACAAATTAGCTTGATACTTTCAAGATTCATTTTCAGGTTTTTTTTGAAGGAATAGTCCAGAACAGCCTTACTCA*GT*ATTTTATTTTATTTTATTTTATTTTATTTTATTTTATTTTATTTTATTTTTTTATTTTTTATTTTTTATTTTATTATTATTATACTTTTAAGTTTTAGGGTACATGTGCACAATGTGCATGTTAGTTACATATGTATACATGTGCCATGCTGGTGTGCTTC, ,,
ATTGCCTTCCAAAGAATGCCACTACCATTGCCTCTTGCCTGAATTTAGAAGAATATGAATCATTGAGATTGAATAGACGTTAGTAGTTTGCTATATTTGCTTCAGAAAGAAGGAAGAATAAGAAAGGAAAAGAAGGGAGAAGAGGAAAGAGAGAAA*GA*AGAAAGAAAGAAAGAAAGAAAGAAAGAAAGAAAGAAAGAAAGAAAGAAAGAAAGAAAAGAAAAGAAAAGAAAAGAAAGCAAGCACGCGCAACTTCCTGTTTCAGTTTCAATGTGTAAAGTGCTTGGGAGTCATCACTCCCATTCTCACAATAA, ,AGCAGGCAATTAGCACACTTCCTTACTCAGCTGTGAAAAGGCAAATGCTTCATCCAAACCACAATGCACCATATTTGCTTCTCCCTGATGCTTGCATGTGAGACATAACTCCATTTACAATGAGATACGAGGAAATCCAAGCCACAGCACAGCACAGCACAGCACAA*GC*CCTTCCCCTTCCCCTTCCCCTTCCCCTTCCCCTTGCTGCTTCTTGTGACTGGACCTTTACCCTGGTGCGAACAGAAAACACTCATCTGACTCGCCCTGCGATGCTCCTTTGCATCTGAAGTTGCTCCAGCTCAGCCTCTGAGTGTTCAAAGCAGCCTTACA, ,,
AGCCCAAGACGTCAAGTCGGGGAACTCCAACATTGGGGTGTCCAGAAACACTGGGGTTTCAGGCGCTCTGTAAATGCGTCCGAGGTCCGCGGTTCTGCCCGCAAGCCCAGACCCCGGCCTCACTTCCGCCCCGCGCCCCGCGCCCCGGCCTCACTT*CC*GCCCCGCGCCCCGCGCCCCGCGCCCCGCGCGCCTCCGCCCGCCCCTGCTCCGGCCTTGCGCCTGCGCACAGTGGGATGCGCGGGGAGGTGGTGCGCGGGGAGGTGGAGGGCGAGGGGCGGGGCTACCTCAGGTCCCGCCCGCGGCAGGCCTGT, ,AGCATCAACAGACAGGGCTAGCACAGTTCCAGATCACTGTAATTTCTTTACAATTTTCTATACTGTTTAAAAGGTCTTTCTACAATAATCATTTATCATTTATGTAATCAAAAAGTTATTTTTATTATTTTAGTTTACATGCCTTTGTGGAATATG*AG*TGTGTGTGTGTGTGTGTGTGTGGTGTGTGTGTGTGTATTTGGGAAAAGGGTTTAATATCTCTTATTGATCTTACTGTCAACTGATGCGTTTATTCAATTGAATGGTGGCAGGCTTATTATCTACTGCTACACATGCTGTGAGAACAGAAATC, ,,
CACAAGAGAGCAGGGGCGTGAGTGTGAGAGGGAGTGTGTGGTGTGTGCCTGTGTGTGAATGTGTTAGTGTATGTGGTGTGTTTGTGAATGTGTGTGTTGTGTGTGCCCTTGTGTATGTGGAGTGTGTGTGTGTGTTTGGTGTGTGCACGTGTGTGA*AT*GTGTGGTGCATGTGTGTATGTGTGTGCAGTGTGTGTGTGGTGTATGTCTGTATGTATGTGTGTGAGTGTATGTGTGTGAGTGTATGTGGTGTGGGTGTGTGTGCATGTGTATGGAGTATGTATGAATGCGTGTGTGGTGTGTGTGATATAAGT, ,ATTTTCTTTCATATTTATTTATACTGTTGCTTGAATATTTTAGCATAAAACACCTAATTACCGTCATTTATTAGAGTATCAATTGTTTTAATAGTAAAAATATTTAGTAAAAGCATCATCAAAACACTAGCATTTTCATTAATAGTTTACAGGAAA*AC*GCGCGCGCACGTGTGTGTGTGTGTGATGGAGTTTTGCTCTTGTCGCCCAGGCTGGAGCGCAATGGCGCAATCTTGGCTCACTGCAACCTCCACCTCCCGGGTTCAAGTGATTCTCCTGCCTCAGCCTGGGCCTTCCAAGTAGCTGAGATTAC, ,,
GAAGTGAGGGAGACACTTCTGACTCCATACAAGACTGGGGACTCCTGATTCTGGAGCTGACTAGAAGAAAACAAAAAAAGAAAGAAAGGAAGAAAGAAAGAAAGTGGGGGGAGGGAGGGAGGAGGGAGGGAAGGAAGAAAGGAAGG*AA*AGGAAGGAAGGAAGGGAGGGAGGGAGGGAGGGAGGGAGGGAGGAAATCTGTCCAGTGGTCATGGAGCTTTGCTCAGCTCTCTCTGATTCCAGAATGACTTGTACTTTCCTATTGTAAGAAATAACTTTCAGAATTAAAATTC, ,ATTTTCTTTCATATTTATTTATACTGTTGCTTGAATATTTTAGCATAAAACACCTAATTACCGTCATTTATTAGAGTATCAATTGTTTTAATAGTAAAAATATTTAGTAAAAGCATCATCAAAACACTAGCATTTTCATTAATAGTTTACAGGAAAACGCGCGCGCA*CG*TGTGTGTGTGTGTGATGGAGTTTTGCTCTTGTCGCCCAGGCTGGAGCGCAATGGCGCAATCTTGGCTCACTGCAACCTCCACCTCCCGGGTTCAAGTGATTCTCCTGCCTCAGCCTGGGCCTTCCAAGTAGCTGAGATTAC, ,,
ATATGTATACCTATATCTATGCATATATATACATATATGTATACCTATACCTATGCATATATACATATATGTATACCTATACATATGCATATATATACATATATGTATACATATATACACACATAGTATATATACATATACACTAT*GT*GTGTGTGTATATATATACACATATATATACTATGTGTGTGTATATATGTATATATATACTATACTTTTTTTGAGACAGAGTCCCGCCCTGTAGCCCAGGCTGGAGTGCAGTGGCGCTATGTCGGCTCAGTGCAAGCTCTGCC, ,ACACACACACACACACACACACACACACACACACAAAATCGCTTGGTGTGGTGACTCACACCTGTAATCCCAGAACACTGGGAGGCCCAGGTGGGCGAATCTTTTGAGCCCAGGAGTTTGAGACCAGCCTGGGCAACATGGAGAGACCCCATCTAT*GC*ACACACACACACACACACACACACACACACACACTCTCTCAGCCTGGCTCAGCGGCATGCGCCTTAGTCCCAGTTACTCAGGAGGCTGAGGTGGATTGTTAGGTCCAAGAGGTCGAGGCTAAAGTGAGCTATGATCACTCCAGCCTGGGCAAC, ,,
ATATCTATGCATATATATACATATATGTATACCTATACCTATGCATATATACATATATGTATACCTATACATATGCATATATATACATATATGTATACATATATACACACATAGTATATATACATATACACTATGTGTGTGTGTAT*AT*ATATACACATATATATACTATGTGTGTGTATATATGTATATATATACTATACTTTTTTTGAGACAGAGTCCCGCCCTGTAGCCCAGGCTGGAGTGCAGTGGCGCTATGTCGGCTCAGTGCAAGCTCTGCCTCCCTGGTTCAC, ,TTTTCTGTAACTATCTCTCATGCTAACTGTACTCATTACGTTCGATGCTGGAGTAAGAATTTTCTGGGTCCACTGTCATAATATCTGCTGCTAGTGAACTTTTAATAAGTGTTTGTGGAATTTAAAAGAAGCAAGCATGATTCTTGTGGATGGATG*CA*TAGATAGATAGATAGATAGATAGATAGATAGATACATACATACATACATACATAGATAGATAGATAGATAGACACACATGAGCTACACACAACTGTTTTAAAATAGAATATGGTATCTAATTAAGAAAATCAGAAACCAACAAAATTATAATG, ,,
GATTGTGCTACGGCACTCCAGCCTGGGTGATGGAGTGAGGCTTCGTCTCAAAAAAAAAAAAAAAAGAAGAATTAATGAGTTAATATAATGTCATGTCCTATTTTCCTTCCTTCCTGCTTTTTCTTTCTTCTTTCTTTCTTTCTTTC*CT*CTTTCTTTCTTTCTTTCTTTCTTTCTTTCTCTTTTTCTTTCTTTCTTTCTTTCTTTCTCTTTCTCTCTCTCTTTCATCTTTTCTTTCTTTCGTCTTTGTTTTCTTTCTTTGGCCTTTCCTTTCTTTCTTTTGTCTTTCTTTT, ,CTCCCTGGGAGTGGCCACTGGCAGAAACTCCTGGAGACAATGATCAGAAGTTGTAACTAACCAGGACTTGAATGAAAGGTTTCAAGAAATCTGGGAGTAGCAGACTGGGAAGATTCAAGAAGCAGGCATAGAAAAACATCTGAGCCTTTTGCCCTT*GA*TATATATATATATATGAATACTTACTTCCTCCATTTACATATATAAAATTATATATATATGAATACTTAGTTCCTCCATTTACATGTATAAAATTATATATATATATATATATATATATATATATATATATATGAAGATTTCCTCCATTTAGG, ,,
GCTACTGGGAGGCTGAGGCAGGAGAATTGCTTGAACCCGGGAGGTGGAGGCTGCAGTGGGACAAGTTCGCGCCATTGCACTCCACCCTAGGTGACAAGAGCGAAACTCTGTCAAAAAAACAAAAAAAGAGAGAGAAGGAAGGAAGG*AA*GGGAGGGAGGGAGGGAGGGAGGGAGGGAAAGAGAGAGAGAGAAGGAAGGAAGGAAGGAAGGAAGAAAGGAAGGAAGGAAGGAAGGAAGGAAGGAAGGAAAGAAAGGTGGGCCAGATTTGAGGAAGGTGGGCAAGGTTAATTC, ,AGTCCAGAAAAGAACTGCCTTAAGTTGGCAGCAACTTAATTCTACTAACCAAATATTTTCTACCATATGTAGAAAATGCAGCCAATTCCCAAAAGTTTTTCATAGTTTGAATTCTCAATTACTATGTAAAGAACTCTACTGACAAAACTATTTAGT*TT*GTGTGTGTGTGTATGTGTGATGTGTGTATGTGTGTGTGTCCTAATATGCACTTATCACAATATGGAAAGGAAATATTAGCGTTCATGTGCAAGAAATAATTACGATTCAAAAAATAAAAAATATAGAATTCAATAAAATTCAAAGCAAACACA, ,,
CCCAGCACTTTGTTTAAATATTGTCTTTTCTAAAAAATTCCTTGACCACCCCTTTCTTCCTCCTTCCTTCTCTCTCTTTCTTCTTTCTTTCTTTCTCTTTCTTTCCCTTGCTTTCCCTTTCTCTCCCTTCCTACCTTCCCTCCTCT*GT*CTCTCTCTCTTTCCTTCCTTCCTTTCCTTCTTTCTTTCTTTCTTTCTCTCTTTCCTTTCTTTCTTTCTTTCTTTCTTTCTTTCTTTCTTTCTTTCTTTCTTTCTTTCTCTCTTTCTCTCTTTCCTTTCTTTCTTTCTCTCTT, ,TTTTATGGTGAAAAGTATATATATATGTATATATATATACACATATATATATACACATATATATGTGTATATATATGTATATATGTATACACATATATATATACACATATATATGTGTATATATATGTGTGTATACATATATACATATATATGTGT*GT*GTATATATATATATATATACACTTAGAACTAGCAAGCTAGACTCATTTTAAATTATCCCAATTTTGTTGGCAACTTCCAAAGCATTGATATCAGGAGCCAGTTGAACATATGCCTTCTTCAAATCAGGGTGTTGACCTTGGCCACATCAATGT, ,,
, ,TGCCACTAGGAGGGTGGGTAGGTTTGGGGACAACCCCTTGTCTTTCTGATCCTTGTTCAGGTGAGATCCCCCTGCACAAATTTCACCTGCTGTTTTTTTTTTCCTGAGCCATTTCAGACTGCCTCCTGGGGATGAGGTCTGCATGA*TT*TTATTTATTTATTTATTTATTTATTTAGACAGAGTCTTGCTCTGTTACCCAGGCTGCAGTGCAGTGGTGTGATCTCGGCTCACTGCAACCTCCGCCTCCTGGGTTCAAGCGATCCTCCTGATTCAGCCTCCTGAGTAGCTGG, ,,
,,CCACATAGGGTAACTTCCTGACGTTGCCATGGCATTTGTAAACTGTCATGAAGCTGGTGGGAGTGTAGCAGTGAGGACGACCAGAGGTCACTCTCGTCGCCATCTTGGTCTTGGTGGGTTTTAACCGGCTTCTTCACTGCAACCTG*TT*TTATTTATTTATTTATTTATTTATTTATTTATTTATTTATTTTTTGAAACGGAGTCTCGCTCTGTCACGCAGGCTGGAGTGCAGTAGCGCGATCTCGGCTCACTGCAAGCTCCGCCTCCCGGGTTCACGCCATTCTCCTGCC, ,,
,,ATTCTTTAATTATTTGCAGTAAAAACCTCTGTAGAAGCAGCAGTCTATAATTCATGTAAGGTTTTTTTTTAAATTTGTTTAAATAAGTCAGTGGTTTAAAGCAAAATAATCAGCCCACTCAATACACAGACGTGAGTGCGTGTGCG*TA*CACACACACACACACACACACACAGACTTTTCTTGTTAAACTGTCAGATATTTTCTTTTTAAAGATCCAGCTATTTGTTAGGTAAAACTGAATGCCAACACCTTTTAAAACATGATATTTTAAGCTGAAAAGTTAAGCTGTG, ,,
,,CCTATTTCTTTCCTTTACATCTGCTCACCATTCAGTTCCCTGAGTCTTAGTCATTGTACATGTTTCACCTTAGGATGTATAAATTAGACCTTTTTAGAGTACAGTAATATAAAGGCATCAAAACAAATGAAGGCTAAGAGGTAAAA*AG*TGTGTGTGTGTGTGTGTGTGTGTGTGTTTTGGTATTTTGGAGATAATGTTGGGTTTCTTACAGTGAGTCTGGGGTTCTAAAATATCCAGTGTATGAGAACGTAAGAAATTGGGAGAACATATAAAAAAACATAAACTCACAG, ,,
,,, ,,
,,, ,,